Matrix Size,T promedio [s]
4,0.0001543
8,0.0009338
16,0.0069417
32,0.0493416
64,0.350468
128,2.40443
256,16.7205
512,115.72
1024,815.476
2048,5710.28
