Matrix,T promedio [s]
4,2.67e-06
8,1.2015e-05
16,6.592e-05
32,0.00051709
64,0.00398037
128,0.0328912
256,0.246564
512,2.53648
1024,22.7215
2048,204.554
