Matrix,T promedio [s]
4,1.415e-06
8,7.495e-06
16,6.3265e-05
32,0.000330685
64,0.0026272
128,0.021188
256,0.138399
512,1.11675
1024,8.77005
2048,69.5352
