Tamaño de datos,T promedio [s]
1000,0.00799998
2000,0.0347305
3000,0.065733
4000,0.114561
5000,0.180494
6000,0.286059
7000,0.371781
8000,0.448283
9000,0.617481
10000,0.80657
