Matrix,T promedio [s]
100,0.0178698
200,0.127406
300,0.397016
400,1.0871
500,1.91563
600,2.96215
700,4.99118
800,7.22532
900,9.96628
1000,14.154
