Matrix Size,T promedio [s]
100,0.546903
200,3.54312
300,23.2397
400,22.3675
500,24.5996
600,152.263
700,162.318
800,162.968
900,182.49
1000,171.725
