Matrix,T promedio [s]
100,0.0151082
200,0.115895
300,0.389023
400,1.00955
500,2.14418
600,3.77158
700,6.03765
800,9.07569
900,13.3267
1000,20.6996
