Tamanio de datos,T promedio [s]
1000,0.000206195
2000,0.00043071
3000,0.000686
4000,0.000946115
5000,0.00129371
6000,0.00151363
7000,0.00179355
8000,0.00205447
9000,0.00227602
10000,0.0025815
