Matrix,T promedio [s]
1,2.18554
2,2.37142
3,2.19755
4,2.41477
5,2.30657
6,2.17793
7,2.26357
8,2.30103
9,2.32591
10,2.23669
