Matrix,T promedio [s]
512,1.89313
512,1.94133
512,2.03932
512,1.91056
512,1.90781
512,1.93648
512,1.94282
512,1.95018
512,2.35121
512,1.86899
