Tamanio de datos,T promedio [s]
1000,8.807e-05
2000,0.00019015
3000,0.00032725
4000,0.00042717
5000,0.00058503
6000,0.00071839
7000,0.000805885
8000,0.000913705
9000,0.00112277
10000,0.00130831
